PA0001	-16	CACGGATATCCCCCAAAGAT	TGG	NC_002516.2	466	485	True	False	39
PA0001	-12	TTGGGGGATATCCGTGTCCG	TGG	NC_002516.2	470	489	False	True	39
PA0001	-4	TATCCGTGTCCGTGGAACTT	TGG	NC_002516.2	478	497	False	True	39
PA0001	2	CTGCCAAAGTTCCACGGACA	CGG	NC_002516.2	484	503	True	False	39
PA0001	8	GCACTGCTGCCAAAGTTCCA	CGG	NC_002516.2	490	509	True	False	39
PA0001	9	GGAACTTTGGCAGCAGTGCG	TGG	NC_002516.2	491	510	False	True	39
PA0001	42	GTTGGGACGGCAGCTCATCG	CGG	NC_002516.2	524	543	True	False	39
PA0001	53	CGTCCCAACAATTCAACACC	TGG	NC_002516.2	535	554	False	True	39
PA0001	55	CAGGTGTTGAATTGTTGGGA	CGG	NC_002516.2	537	556	True	False	39
PA0001	59	GATCCAGGTGTTGAATTGTT	GGG	NC_002516.2	541	560	True	False	39
PA0001	60	GGATCCAGGTGTTGAATTGT	TGG	NC_002516.2	542	561	True	False	39
PA0001	69	CACCTGGATCCGTCCCTTGC	AGG	NC_002516.2	551	570	False	True	39
PA0001	74	GACCTGCAAGGGACGGATCC	AGG	NC_002516.2	556	575	True	False	39
PA0001	81	CGGCTTCGACCTGCAAGGGA	CGG	NC_002516.2	563	582	True	False	39
PA0001	82	CCCTTGCAGGTCGAAGCCGA	AGG	NC_002516.2	564	583	False	True	39
PA0001	85	CCTTCGGCTTCGACCTGCAA	GGG	NC_002516.2	567	586	True	False	39
PA0001	86	GCCTTCGGCTTCGACCTGCA	AGG	NC_002516.2	568	587	True	False	39
PA0001	101	CACACGCAATTCGTCGCCTT	CGG	NC_002516.2	583	602	True	False	39
PA0001	128	CCAACCGTTTCGTCCTCGAT	TGG	NC_002516.2	610	629	False	True	39
PA0001	130	CAATCGAGGACGAAACGGTT	GGG	NC_002516.2	612	631	True	False	39
PA0001	131	CCAATCGAGGACGAAACGGT	TGG	NC_002516.2	613	632	True	False	39
PA0001	135	TCACCCAATCGAGGACGAAA	CGG	NC_002516.2	617	636	True	False	39
PA0001	144	ATTTCTCGTTCACCCAATCG	AGG	NC_002516.2	626	645	True	False	39
PA0001	148	TGGGTGAACGAGAAATACCT	CGG	NC_002516.2	630	649	False	True	39
PA0001	152	TGAACGAGAAATACCTCGGT	CGG	NC_002516.2	634	653	False	True	39
PA0001	159	GAAATACCTCGGTCGGCTTC	TGG	NC_002516.2	641	660	False	True	39
PA0001	168	GCAGTTCCAGAAGCCGACCG	AGG	NC_002516.2	650	669	True	False	39
PA0001	169	GGTCGGCTTCTGGAACTGCT	CGG	NC_002516.2	651	670	False	True	39
PA0001	178	CTGGAACTGCTCGGTGAACG	CGG	NC_002516.2	660	679	False	True	39
PA0001	183	ACTGCTCGGTGAACGCGGCG	AGG	NC_002516.2	665	684	False	True	39
PA0001	184	CTGCTCGGTGAACGCGGCGA	GGG	NC_002516.2	666	685	False	True	39
PA0001	214	CCCGCGCTTTCCTTATTAAT	AGG	NC_002516.2	696	715	False	True	39
PA0001	217	CCTATTAATAAGGAAAGCGC	GGG	NC_002516.2	699	718	True	False	39
PA0001	218	GCCTATTAATAAGGAAAGCG	CGG	NC_002516.2	700	719	True	False	39
PA0001	227	ACGCTTGCTGCCTATTAATA	AGG	NC_002516.2	709	728	True	False	39
PA0001	252	CGATGGCGGCGCGCGGCGTA	CGG	NC_002516.2	734	753	True	False	39
PA0001	259	GATGGGACGATGGCGGCGCG	CGG	NC_002516.2	741	760	True	False	39
PA0001	266	GGTCTGCGATGGGACGATGG	CGG	NC_002516.2	748	767	True	False	39
PA0001	269	GTGGGTCTGCGATGGGACGA	TGG	NC_002516.2	751	770	True	False	39
PA0001	270	CGTCCCATCGCAGACCCACG	TGG	NC_002516.2	752	771	False	True	39
PA0001	276	GAGCCACGTGGGTCTGCGAT	GGG	NC_002516.2	758	777	True	False	39
PA0001	277	GGAGCCACGTGGGTCTGCGA	TGG	NC_002516.2	759	778	True	False	39
PA0001	285	CCACGTGGCTCCCCCGCCTC	CGG	NC_002516.2	767	786	False	True	39
PA0001	287	CGGAGGCGGGGGAGCCACGT	GGG	NC_002516.2	769	788	True	False	39
PA0001	288	CCGGAGGCGGGGGAGCCACG	TGG	NC_002516.2	770	789	True	False	39
PA0001	298	GGCGGAGCAACCGGAGGCGG	GGG	NC_002516.2	780	799	True	False	39
PA0001	299	CGGCGGAGCAACCGGAGGCG	GGG	NC_002516.2	781	800	True	False	39
PA0001	300	GCCTCCGGTTGCTCCGCCGC	CGG	NC_002516.2	782	801	False	True	39
PA0001	300	GCGGCGGAGCAACCGGAGGC	GGG	NC_002516.2	782	801	True	False	39
PA0001	301	GGCGGCGGAGCAACCGGAGG	CGG	NC_002516.2	783	802	True	False	39
PA0001	304	GCCGGCGGCGGAGCAACCGG	AGG	NC_002516.2	786	805	True	False	39
PA0001	307	GGCGCCGGCGGCGGAGCAAC	CGG	NC_002516.2	789	808	True	False	39
PA0001	315	GCCGCCGGCGCCAGTGCAGC	CGG	NC_002516.2	797	816	False	True	39
PA0001	316	GGCTGCACTGGCGCCGGCGG	CGG	NC_002516.2	798	817	True	False	39
PA0001	319	ACCGGCTGCACTGGCGCCGG	CGG	NC_002516.2	801	820	True	False	39
PA0001	321	GGCGCCAGTGCAGCCGGTAT	CGG	NC_002516.2	803	822	False	True	39
PA0001	322	GATACCGGCTGCACTGGCGC	CGG	NC_002516.2	804	823	True	False	39
PA0001	328	GCGGCCGATACCGGCTGCAC	TGG	NC_002516.2	810	829	True	False	39
PA0001	333	GCCGGTATCGGCCGCGCCCG	TGG	NC_002516.2	815	834	False	True	39
PA0001	337	ACCACGGGCGCGGCCGATAC	CGG	NC_002516.2	819	838	True	False	39
PA0001	364	ACTGGCGGCAGCTCTTCACG	TGG	NC_002516.2	846	865	True	False	39
PA0001	369	AGAGCTGCCGCCAGTGACGA	CGG	NC_002516.2	851	870	False	True	39
PA0001	379	CTGGGAGCCGTCGTCACTGG	CGG	NC_002516.2	861	880	True	False	39
PA0001	382	ACGCTGGGAGCCGTCGTCAC	TGG	NC_002516.2	864	883	True	False	39
PA0001	415	CTGGGTTCTTCCGGCTCGTA	GGG	NC_002516.2	897	916	True	False	39
PA0001	416	GCTGGGTTCTTCCGGCTCGT	AGG	NC_002516.2	898	917	True	False	39
PA0001	424	GGATCGATGCTGGGTTCTTC	CGG	NC_002516.2	906	925	True	False	39
PA0001	426	AGAACCCAGCATCGATCCGC	TGG	NC_002516.2	908	927	False	True	39
PA0001	433	GCGGCCAGCGGATCGATGCT	GGG	NC_002516.2	915	934	True	False	39
PA0001	434	GGCGGCCAGCGGATCGATGC	TGG	NC_002516.2	916	935	True	False	39
PA0001	445	CTGGCCGCCGCCATGCCGGC	TGG	NC_002516.2	927	946	False	True	39
PA0001	490	GAGCGCAACGTCCAGGTCGA	AGG	NC_002516.2	972	991	False	True	39
PA0001	491	TTCGACCTGGACGTTGCGCT	CGG	NC_002516.2	973	992	True	False	39
PA0001	530	GAAGGTACGGTTGAGATAGC	TGG	NC_002516.2	1012	1031	True	False	39
PA0001	543	AGTTCTCGAAGGTGAAGGTA	CGG	NC_002516.2	1025	1044	True	False	39
PA0001	548	GACGAAGTTCTCGAAGGTGA	AGG	NC_002516.2	1030	1049	True	False	39
PA0001	549	CACCTTCGAGAACTTCGTCG	AGG	NC_002516.2	1031	1050	False	True	39
PA0001	550	ACCTTCGAGAACTTCGTCGA	GGG	NC_002516.2	1032	1051	False	True	39
PA0001	554	GCCCTCGACGAAGTTCTCGA	AGG	NC_002516.2	1036	1055	True	False	39
PA0001	567	CGAGGGCAAGTCCAACCAGT	TGG	NC_002516.2	1049	1068	False	True	39
PA0001	599	GTCCGCCACCTGCCAGGCGG	CGG	NC_002516.2	1081	1100	True	False	39
PA0001	602	GTTGTCCGCCACCTGCCAGG	CGG	NC_002516.2	1084	1103	True	False	39
PA0001	605	GAGGTTGTCCGCCACCTGCC	AGG	NC_002516.2	1087	1106	True	False	39
PA0001	610	GTGGCGGACAACCTCAAGCA	CGG	NC_002516.2	1092	1111	False	True	39
PA0001	624	GCGGGTTGTAGCCGTGCTTG	AGG	NC_002516.2	1106	1125	True	False	39
PA0001	634	TACAACCCGCTGTTCCTCTA	CGG	NC_002516.2	1116	1135	False	True	39
PA0001	637	AACCCGCTGTTCCTCTACGG	TGG	NC_002516.2	1119	1138	False	True	39
PA0001	642	CGCCACCGTAGAGGAACAGC	GGG	NC_002516.2	1124	1143	True	False	39
PA0001	643	CTGTTCCTCTACGGTGGCGT	CGG	NC_002516.2	1125	1144	False	True	39
PA0001	643	ACGCCACCGTAGAGGAACAG	CGG	NC_002516.2	1125	1144	True	False	39
PA0001	672	CAAGACCCACCTGATGCATG	CGG	NC_002516.2	1154	1173	False	True	39
PA0001	675	GACCCACCTGATGCATGCGG	TGG	NC_002516.2	1157	1176	False	True	39
PA0001	676	ACCCACCTGATGCATGCGGT	GGG	NC_002516.2	1158	1177	False	True	39
PA0001	680	GCCCACCGCATGCATCAGGT	GGG	NC_002516.2	1162	1181	True	False	39
PA0001	681	TGCCCACCGCATGCATCAGG	TGG	NC_002516.2	1163	1182	True	False	39
PA0001	684	GGTTGCCCACCGCATGCATC	AGG	NC_002516.2	1166	1185	True	False	39
PA0001	708	CGTTCGGGTTCTTCTTCAGC	AGG	NC_002516.2	1190	1209	True	False	39
PA0001	711	GAAGAAGAACCCGAACGCCA	AGG	NC_002516.2	1193	1212	False	True	39
PA0001	714	GAAGAACCCGAACGCCAAGG	TGG	NC_002516.2	1196	1215	False	True	39
PA0001	723	GGTAGACCACCTTGGCGTTC	GGG	NC_002516.2	1205	1224	True	False	39
PA0001	724	AGGTAGACCACCTTGGCGTT	CGG	NC_002516.2	1206	1225	True	False	39
PA0001	729	CAAGGTGGTCTACCTGCATT	CGG	NC_002516.2	1211	1230	False	True	39
PA0001	731	CGAATGCAGGTAGACCACCT	TGG	NC_002516.2	1213	1232	True	False	39
PA0001	744	CGACGAAACGTTCCGAATGC	AGG	NC_002516.2	1226	1245	True	False	39
PA0001	744	GCATTCGGAACGTTTCGTCG	CGG	NC_002516.2	1226	1245	False	True	39
PA0001	750	GGAACGTTTCGTCGCGGACA	TGG	NC_002516.2	1232	1251	False	True	39
PA0001	756	TTTCGTCGCGGACATGGTGA	AGG	NC_002516.2	1238	1257	False	True	39
PA0001	782	GTTGATGGCGTTGAGCTGCA	AGG	NC_002516.2	1264	1283	True	False	39
PA0001	797	GAAGCGCTTGAATTCGTTGA	TGG	NC_002516.2	1279	1298	True	False	39
PA0001	804	ATTCAAGCGCTTCTACCGCT	CGG	NC_002516.2	1286	1305	False	True	39
PA0001	807	CAAGCGCTTCTACCGCTCGG	TGG	NC_002516.2	1289	1308	False	True	39
PA0001	822	TCAACAGTGCGTCCACCGAG	CGG	NC_002516.2	1304	1323	True	False	39
PA0001	849	CATCCAGTTCTTCGCCCGTA	AGG	NC_002516.2	1331	1350	False	True	39
PA0001	855	GCTCCTTACGGGCGAAGAAC	TGG	NC_002516.2	1337	1356	True	False	39
PA0001	861	CGCCCGTAAGGAGCGCTCCC	AGG	NC_002516.2	1343	1362	False	True	39
PA0001	864	CCGTAAGGAGCGCTCCCAGG	AGG	NC_002516.2	1346	1365	False	True	39
PA0001	866	CTCCTGGGAGCGCTCCTTAC	GGG	NC_002516.2	1348	1367	True	False	39
PA0001	867	CCTCCTGGGAGCGCTCCTTA	CGG	NC_002516.2	1349	1368	True	False	39
PA0001	881	GGTGTGGAAGAACTCCTCCT	GGG	NC_002516.2	1363	1382	True	False	39
PA0001	882	AGGTGTGGAAGAACTCCTCC	TGG	NC_002516.2	1364	1383	True	False	39
PA0001	897	CGAGAAGGGCATTGAAGGTG	TGG	NC_002516.2	1379	1398	True	False	39
PA0001	898	ACCTTCAATGCCCTTCTCGA	AGG	NC_002516.2	1380	1399	False	True	39
PA0001	901	TTCAATGCCCTTCTCGAAGG	CGG	NC_002516.2	1383	1402	False	True	39
PA0001	902	GCCTTCGAGAAGGGCATTGA	AGG	NC_002516.2	1384	1403	True	False	39
PA0001	911	CTGCTGGCCGCCTTCGAGAA	GGG	NC_002516.2	1393	1412	True	False	39
PA0001	912	CCTGCTGGCCGCCTTCGAGA	AGG	NC_002516.2	1394	1413	True	False	39
PA0001	927	CGCTGGTGAGGATCACCTGC	TGG	NC_002516.2	1409	1428	True	False	39
PA0001	939	TCGGATAGCGGTCGCTGGTG	AGG	NC_002516.2	1421	1440	True	False	39
PA0001	939	CACCAGCGACCGCTATCCGA	AGG	NC_002516.2	1421	1440	False	True	39
PA0001	944	TTCCTTCGGATAGCGGTCGC	TGG	NC_002516.2	1426	1445	True	False	39
PA0001	949	CGCTATCCGAAGGAAATCGA	AGG	NC_002516.2	1431	1450	False	True	39
PA0001	951	CTTCGATTTCCTTCGGATAG	CGG	NC_002516.2	1433	1452	True	False	39
PA0001	954	TCCGAAGGAAATCGAAGGCC	TGG	NC_002516.2	1436	1455	False	True	39
PA0001	958	TCCAGGCCTTCGATTTCCTT	CGG	NC_002516.2	1440	1459	True	False	39
PA0001	962	AAATCGAAGGCCTGGAAGAG	CGG	NC_002516.2	1444	1463	False	True	39
PA0001	975	GGGATTTCAGCCGCTCTTCC	AGG	NC_002516.2	1457	1476	True	False	39
PA0001	979	GAGCGGCTGAAATCCCGCTT	CGG	NC_002516.2	1461	1480	False	True	39
PA0001	983	GGCTGAAATCCCGCTTCGGC	TGG	NC_002516.2	1465	1484	False	True	39
PA0001	984	GCTGAAATCCCGCTTCGGCT	GGG	NC_002516.2	1466	1485	False	True	39
PA0001	985	CTGAAATCCCGCTTCGGCTG	GGG	NC_002516.2	1467	1486	False	True	39
PA0001	993	CCGCTTCGGCTGGGGCCTGA	CGG	NC_002516.2	1475	1494	False	True	39
PA0001	995	CGTCAGGCCCCAGCCGAAGC	GGG	NC_002516.2	1477	1496	True	False	39
PA0001	996	CTTCGGCTGGGGCCTGACGG	TGG	NC_002516.2	1478	1497	False	True	39
PA0001	996	CCGTCAGGCCCCAGCCGAAG	CGG	NC_002516.2	1478	1497	True	False	39
PA0001	1017	GGCCGTCGAGCCGCCGGAAC	TGG	NC_002516.2	1499	1518	False	True	39
PA0001	1022	TTCCAGTTCCGGCGGCTCGA	CGG	NC_002516.2	1504	1523	True	False	39
PA0001	1025	AGCCGCCGGAACTGGAAACC	CGG	NC_002516.2	1507	1526	False	True	39
PA0001	1026	GCCGCCGGAACTGGAAACCC	GGG	NC_002516.2	1508	1527	False	True	39
PA0001	1029	GCCGGAACTGGAAACCCGGG	TGG	NC_002516.2	1511	1530	False	True	39
PA0001	1030	ACCCGGGTTTCCAGTTCCGG	CGG	NC_002516.2	1512	1531	True	False	39
PA0001	1033	GCCACCCGGGTTTCCAGTTC	CGG	NC_002516.2	1515	1534	True	False	39
PA0001	1046	CTTCATCAGGATCGCCACCC	GGG	NC_002516.2	1528	1547	True	False	39
PA0001	1047	GGTGGCGATCCTGATGAAGA	AGG	NC_002516.2	1529	1548	False	True	39
PA0001	1047	TCTTCATCAGGATCGCCACC	CGG	NC_002516.2	1529	1548	True	False	39
PA0001	1056	CCTGATGAAGAAGGCCGAGC	AGG	NC_002516.2	1538	1557	False	True	39
PA0001	1059	CCTGCTCGGCCTTCTTCATC	AGG	NC_002516.2	1541	1560	True	False	39
PA0001	1073	CAGCTCGATCTTCGCCTGCT	CGG	NC_002516.2	1555	1574	True	False	39
PA0001	1083	GATCGAGCTGCCGCACGATG	CGG	NC_002516.2	1565	1584	False	True	39
PA0001	1096	ATGAAGAAGGCCGCATCGTG	CGG	NC_002516.2	1578	1597	True	False	39
PA0001	1109	GATGCGCTGGGCGATGAAGA	AGG	NC_002516.2	1591	1610	True	False	39
PA0001	1121	CACGTTGGAACGGATGCGCT	GGG	NC_002516.2	1603	1622	True	False	39
PA0001	1122	GCACGTTGGAACGGATGCGC	TGG	NC_002516.2	1604	1623	True	False	39
PA0001	1128	CCGTTCCAACGTGCGTGAAC	TGG	NC_002516.2	1610	1629	False	True	39
PA0001	1131	CCAGTTCACGCACGTTGGAA	CGG	NC_002516.2	1613	1632	True	False	39
PA0001	1132	TCCAACGTGCGTGAACTGGA	AGG	NC_002516.2	1614	1633	False	True	39
PA0001	1136	ACCTTCCAGTTCACGCACGT	TGG	NC_002516.2	1618	1637	True	False	39
PA0001	1145	AACTGGAAGGTGCGCTGAAG	CGG	NC_002516.2	1627	1646	False	True	39
PA0001	1146	ACTGGAAGGTGCGCTGAAGC	GGG	NC_002516.2	1628	1647	False	True	39
PA0001	1201	CGAATCAGCTCGATGGTGAT	CGG	NC_002516.2	1683	1702	True	False	39
PA0001	1208	CGACTCGCGAATCAGCTCGA	TGG	NC_002516.2	1690	1709	True	False	39
PA0001	1212	GCTGATTCGCGAGTCGCTGA	AGG	NC_002516.2	1694	1713	False	True	39
PA0001	1221	CGAGTCGCTGAAGGACCTGT	TGG	NC_002516.2	1703	1722	False	True	39
PA0001	1230	GAAGGACCTGTTGGCCCTTC	AGG	NC_002516.2	1712	1731	False	True	39
PA0001	1239	GCTTGTCCTGAAGGGCCAAC	AGG	NC_002516.2	1721	1740	True	False	39
PA0001	1239	GTTGGCCCTTCAGGACAAGC	TGG	NC_002516.2	1721	1740	False	True	39
PA0001	1247	GCTGACCAGCTTGTCCTGAA	GGG	NC_002516.2	1729	1748	True	False	39
PA0001	1248	TGCTGACCAGCTTGTCCTGA	AGG	NC_002516.2	1730	1749	True	False	39
PA0001	1281	AGTACTCGGCGACGGTGCGC	TGG	NC_002516.2	1763	1782	True	False	39
PA0001	1289	GATCTTGTAGTACTCGGCGA	CGG	NC_002516.2	1771	1790	True	False	39
PA0001	1295	TATCTTGATCTTGTAGTACT	CGG	NC_002516.2	1777	1796	True	False	39
PA0001	1313	TATCCGATCTGTTGTCCAAG	CGG	NC_002516.2	1795	1814	False	True	39
PA0001	1319	ACGCCGCTTGGACAACAGAT	CGG	NC_002516.2	1801	1820	True	False	39
PA0001	1359	GCGCCATGGCCACCTGGCGC	GGG	NC_002516.2	1841	1860	True	False	39
PA0001	1360	AGCGCCATGGCCACCTGGCG	CGG	NC_002516.2	1842	1861	True	False	39
PA0001	1365	GGTGGCCATGGCGCTCTCCA	AGG	NC_002516.2	1847	1866	False	True	39
PA0001	1365	TGGAGAGCGCCATGGCCACC	TGG	NC_002516.2	1847	1866	True	False	39
PA0001	1373	CAGCTCCTTGGAGAGCGCCA	TGG	NC_002516.2	1855	1874	True	False	39
PA0001	1385	GCTGTGGTTGGTCAGCTCCT	TGG	NC_002516.2	1867	1886	True	False	39
PA0001	1389	GCTGACCAACCACAGCCTGC	CGG	NC_002516.2	1871	1890	False	True	39
PA0001	1396	AACCACAGCCTGCCGGAGAT	CGG	NC_002516.2	1878	1897	False	True	39
PA0001	1397	GATCTCCGGCAGGCTGTGGT	TGG	NC_002516.2	1879	1898	True	False	39
PA0001	1401	CGCCGATCTCCGGCAGGCTG	TGG	NC_002516.2	1883	1902	True	False	39
PA0001	1401	CAGCCTGCCGGAGATCGGCG	TGG	NC_002516.2	1883	1902	False	True	39
PA0001	1407	AGGCCACGCCGATCTCCGGC	AGG	NC_002516.2	1889	1908	True	False	39
PA0001	1408	CCGGAGATCGGCGTGGCCTT	CGG	NC_002516.2	1890	1909	False	True	39
PA0001	1411	GAGATCGGCGTGGCCTTCGG	CGG	NC_002516.2	1893	1912	False	True	39
PA0001	1411	CCGAAGGCCACGCCGATCTC	CGG	NC_002516.2	1893	1912	True	False	39
PA0001	1415	TCGGCGTGGCCTTCGGCGGT	CGG	NC_002516.2	1897	1916	False	True	39
PA0001	1427	GGTGTGATCCCGACCGCCGA	AGG	NC_002516.2	1909	1928	True	False	39
PA0001	1428	CGGCGGTCGGGATCACACCA	CGG	NC_002516.2	1910	1929	False	True	39
PA0001	1448	ACGACAGGCGTGCAACACCG	TGG	NC_002516.2	1930	1949	True	False	39
PA0001	1463	AAGTTGAGCGATCTTACGAC	AGG	NC_002516.2	1945	1964	True	False	39
PA0001	1463	GTCGTAAGATCGCTCAACTT	AGG	NC_002516.2	1945	1964	False	True	39
PA0001	1464	TCGTAAGATCGCTCAACTTA	GGG	NC_002516.2	1946	1965	False	True	39
PA0001	1476	TCAACTTAGGGAATCCGACG	CGG	NC_002516.2	1958	1977	False	True	39
PA0001	1488	ATCCGACGCGGATATCCGCG	AGG	NC_002516.2	1970	1989	False	True	39
PA0001	1493	GTCCTCGCGGATATCCGCGT	CGG	NC_002516.2	1975	1994	True	False	39
PA0001	1524	AGGTTGTCAGGGTACGCAGC	AGG	NC_002516.2	2006	2025	True	False	39
PA0001	1535	TGGGCTGCGTCAGGTTGTCA	GGG	NC_002516.2	2017	2036	True	False	39
PA0001	1536	GTGGGCTGCGTCAGGTTGTC	AGG	NC_002516.2	2018	2037	True	False	39
PA0001	1537	ACAACCTGACGCAGCCCACG	AGG	NC_002516.2	2019	2038	False	True	39
PA0001	1542	CTGACGCAGCCCACGAGGCA	AGG	NC_002516.2	2024	2043	False	True	39
PA0001	1543	TGACGCAGCCCACGAGGCAA	GGG	NC_002516.2	2025	2044	False	True	39
PA0001	1544	CTTGCCTCGTGGGCTGCGTC	AGG	NC_002516.2	2026	2045	True	False	39
PA0002	-19	GGTCTAGTCCCTTGCCTCGT	GGG	NC_002516.2	2036	2055	True	False	39
PA0002	-18	TGGTCTAGTCCCTTGCCTCG	TGG	NC_002516.2	2037	2056	True	False	39
PA0002	2	GCGTTGAATGGTGAAATGCA	TGG	NC_002516.2	2057	2076	True	False	39
PA0002	14	CAACAGGGCTTCGCGTTGAA	TGG	NC_002516.2	2069	2088	True	False	39
PA0002	27	CCTGTTGAAACCGCTGCAAC	TGG	NC_002516.2	2082	2101	False	True	39
PA0002	29	CAGTTGCAGCGGTTTCAACA	GGG	NC_002516.2	2084	2103	True	False	39
PA0002	30	CCAGTTGCAGCGGTTTCAAC	AGG	NC_002516.2	2085	2104	True	False	39
PA0002	34	AAACCGCTGCAACTGGTCGC	CGG	NC_002516.2	2089	2108	False	True	39
PA0002	42	GCAACTGGTCGCCGGCGTCG	TGG	NC_002516.2	2097	2116	False	True	39
PA0002	56	CTGGCGGCGTTCCACGACGC	CGG	NC_002516.2	2111	2130	True	False	39
PA0002	63	GGAACGCCGCCAGACATTGC	CGG	NC_002516.2	2118	2137	False	True	39
PA0002	72	AGAGAACCGGCAATGTCTGG	CGG	NC_002516.2	2127	2146	True	False	39
PA0002	75	TGGAGAGAACCGGCAATGTC	TGG	NC_002516.2	2130	2149	True	False	39
PA0002	84	GGTTCTCTCCAACGTCCTGC	TGG	NC_002516.2	2139	2158	False	True	39
PA0002	85	AGCAGGACGTTGGAGAGAAC	CGG	NC_002516.2	2140	2159	True	False	39
PA0002	87	TCTCTCCAACGTCCTGCTGG	TGG	NC_002516.2	2142	2161	False	True	39
PA0002	94	AACGTCCTGCTGGTGGTCGA	AGG	NC_002516.2	2149	2168	False	True	39
PA0002	95	TTCGACCACCAGCAGGACGT	TGG	NC_002516.2	2150	2169	True	False	39
PA0002	102	GCTGGCCTTCGACCACCAGC	AGG	NC_002516.2	2157	2176	True	False	39
PA0002	115	GGCCAGCAACTGTCGCTGAC	CGG	NC_002516.2	2170	2189	False	True	39
PA0002	156	GCTGGTTGGTCGCGTGGTAC	TGG	NC_002516.2	2211	2230	False	True	39
PA0002	175	CTGGAAGATGCCGCCGAACC	CGG	NC_002516.2	2230	2249	False	True	39
PA0002	188	GGTGATCTCGCCGGGTTCGG	CGG	NC_002516.2	2243	2262	True	False	39
PA0002	191	TACGGTGATCTCGCCGGGTT	CGG	NC_002516.2	2246	2265	True	False	39
PA0002	192	ACCCGGCGAGATCACCGTAC	CGG	NC_002516.2	2247	2266	False	True	39
PA0002	196	GCCGGTACGGTGATCTCGCC	GGG	NC_002516.2	2251	2270	True	False	39
PA0002	197	CGCCGGTACGGTGATCTCGC	CGG	NC_002516.2	2252	2271	True	False	39
PA0002	207	CGTACCGGCGCGCAAGCTGA	TGG	NC_002516.2	2262	2281	False	True	39
PA0002	209	CATCAGCTTGCGCGCCGGTA	CGG	NC_002516.2	2264	2283	True	False	39
PA0002	246	CGATCAGCACGTCGTTCGGC	AGG	NC_002516.2	2301	2320	True	False	39
PA0002	250	ATGTCGATCAGCACGTCGTT	CGG	NC_002516.2	2305	2324	True	False	39
PA0002	273	TGTCGAAGAGCAGAAACTTC	TGG	NC_002516.2	2328	2347	False	True	39
PA0002	273	GAAGTTTCTGCTCTTCGACA	CGG	NC_002516.2	2328	2347	True	False	39
PA0002	279	AGAGCAGAAACTTCTGGTGA	AGG	NC_002516.2	2334	2353	False	True	39
PA0002	283	CAGAAACTTCTGGTGAAGGC	CGG	NC_002516.2	2338	2357	False	True	39
PA0002	284	AGAAACTTCTGGTGAAGGCC	GGG	NC_002516.2	2339	2358	False	True	39
PA0002	305	CAGGGTGAAGCGGCTACGCC	CGG	NC_002516.2	2360	2379	True	False	39
PA0002	315	GCAGGGTGGACAGGGTGAAG	CGG	NC_002516.2	2370	2389	True	False	39
PA0002	323	GTTGGCCGGCAGGGTGGACA	GGG	NC_002516.2	2378	2397	True	False	39
PA0002	329	GAAATCGTTGGCCGGCAGGG	TGG	NC_002516.2	2384	2403	True	False	39
PA0002	332	GGGGAAATCGTTGGCCGGCA	GGG	NC_002516.2	2387	2406	True	False	39
PA0002	333	TGGGGAAATCGTTGGCCGGC	AGG	NC_002516.2	2388	2407	True	False	39
PA0002	337	ACGGTGGGGAAATCGTTGGC	CGG	NC_002516.2	2392	2411	True	False	39
PA0002	339	CAACGATTTCCCCACCGTAG	AGG	NC_002516.2	2394	2413	False	True	39
PA0002	341	CTCTACGGTGGGGAAATCGT	TGG	NC_002516.2	2396	2415	True	False	39
PA0002	343	GATTTCCCCACCGTAGAGGA	AGG	NC_002516.2	2398	2417	False	True	39
PA0002	349	CCCACCGTAGAGGAAGGTCC	CGG	NC_002516.2	2404	2423	False	True	39
PA0002	351	CGGGACCTTCCTCTACGGTG	GGG	NC_002516.2	2406	2425	True	False	39
PA0002	352	CCGGGACCTTCCTCTACGGT	GGG	NC_002516.2	2407	2426	True	False	39
PA0002	353	GCCGGGACCTTCCTCTACGG	TGG	NC_002516.2	2408	2427	True	False	39
PA0002	356	CGAGCCGGGACCTTCCTCTA	CGG	NC_002516.2	2411	2430	True	False	39
PA0002	370	ATGCTGAAGTTCAGCGAGCC	GGG	NC_002516.2	2425	2444	True	False	39
PA0002	371	AATGCTGAAGTTCAGCGAGC	CGG	NC_002516.2	2426	2445	True	False	39
PA0002	396	TCAGGCGACGCAGCTTGCTC	TGG	NC_002516.2	2451	2470	True	False	39
PA0002	414	CGAAGCTGGTGCGGTCGATC	AGG	NC_002516.2	2469	2488	True	False	39
PA0002	417	CGACCGCACCAGCTTCGCCA	TGG	NC_002516.2	2472	2491	False	True	39
PA0002	423	GGGCCATGGCGAAGCTGGTG	CGG	NC_002516.2	2478	2497	True	False	39
PA0002	426	CAGCTTCGCCATGGCCCAGC	AGG	NC_002516.2	2481	2500	False	True	39
PA0002	428	CTGCTGGGCCATGGCGAAGC	TGG	NC_002516.2	2483	2502	True	False	39
PA0002	437	ACGCACGTCCTGCTGGGCCA	TGG	NC_002516.2	2492	2511	True	False	39
PA0002	443	GTAGTAACGCACGTCCTGCT	GGG	NC_002516.2	2498	2517	True	False	39
PA0002	444	GGTAGTAACGCACGTCCTGC	TGG	NC_002516.2	2499	2518	True	False	39
PA0002	448	GACGTGCGTTACTACCTCAA	CGG	NC_002516.2	2503	2522	False	True	39
PA0002	459	CTACCTCAACGGCATGCTGC	TGG	NC_002516.2	2514	2533	False	True	39
PA0002	465	CTTCCAGCAGCATGCCGTTG	AGG	NC_002516.2	2520	2539	True	False	39
PA0002	469	GGCATGCTGCTGGAAGTGAA	CGG	NC_002516.2	2524	2543	False	True	39
PA0002	472	ATGCTGCTGGAAGTGAACGG	CGG	NC_002516.2	2527	2546	False	True	39
PA0002	499	CTGCGCTCCGTCGCCACCGA	CGG	NC_002516.2	2554	2573	False	True	39
PA0002	500	GTCGGTGGCGACGGAGCGCA	GGG	NC_002516.2	2555	2574	True	False	39
PA0002	501	CGTCGGTGGCGACGGAGCGC	AGG	NC_002516.2	2556	2575	True	False	39
PA0002	509	TCGGTGGCCGTCGGTGGCGA	CGG	NC_002516.2	2564	2583	True	False	39
PA0002	510	CGCCACCGACGGCCACCGAC	TGG	NC_002516.2	2565	2584	False	True	39
PA0002	515	GGCCAGTCGGTGGCCGTCGG	TGG	NC_002516.2	2570	2589	True	False	39
PA0002	518	CATGGCCAGTCGGTGGCCGT	CGG	NC_002516.2	2573	2592	True	False	39
PA0002	525	GCGAGCACATGGCCAGTCGG	TGG	NC_002516.2	2580	2599	True	False	39
PA0002	525	CCGACTGGCCATGTGCTCGC	TGG	NC_002516.2	2580	2599	False	True	39
PA0002	528	CCAGCGAGCACATGGCCAGT	CGG	NC_002516.2	2583	2602	True	False	39
PA0002	536	CTGCGCATCCAGCGAGCACA	TGG	NC_002516.2	2591	2610	True	False	39
PA0002	546	GGATGCGCAGATCCCGTCGC	AGG	NC_002516.2	2601	2620	False	True	39
PA0002	561	CCTGGTGGCGGTCCTGCGAC	GGG	NC_002516.2	2616	2635	True	False	39
PA0002	562	ACCTGGTGGCGGTCCTGCGA	CGG	NC_002516.2	2617	2636	True	False	39
PA0002	573	GCGGCACGATCACCTGGTGG	CGG	NC_002516.2	2628	2647	True	False	39
PA0002	576	TGCGCGGCACGATCACCTGG	TGG	NC_002516.2	2631	2650	True	False	39
PA0002	577	CAGGTGATCGTGCCGCGCAA	AGG	NC_002516.2	2632	2651	False	True	39
PA0002	579	CTTTGCGCGGCACGATCACC	TGG	NC_002516.2	2634	2653	True	False	39
PA0002	591	GCGCAAAGGCATCCTCGAAC	TGG	NC_002516.2	2646	2665	False	True	39
PA0002	592	AGTTCGAGGATGCCTTTGCG	CGG	NC_002516.2	2647	2666	True	False	39
PA0002	606	TGAGCAGACGAGCCAGTTCG	AGG	NC_002516.2	2661	2680	True	False	39
PA0002	612	GGCTCGTCTGCTCACCGAGC	AGG	NC_002516.2	2667	2686	False	True	39
PA0002	616	CGTCTGCTCACCGAGCAGGA	CGG	NC_002516.2	2671	2690	False	True	39
PA0002	625	ACCGAGCAGGACGGCGAAGT	CGG	NC_002516.2	2680	2699	False	True	39
PA0002	629	GCCGACTTCGCCGTCCTGCT	CGG	NC_002516.2	2684	2703	True	False	39
PA0002	636	CGGCGAAGTCGGCATCGTCC	TGG	NC_002516.2	2691	2710	False	True	39
PA0002	657	CACGGATATGGTGCTGGCCC	AGG	NC_002516.2	2712	2731	True	False	39
PA0002	663	TGGTGGCACGGATATGGTGC	TGG	NC_002516.2	2718	2737	True	False	39
PA0002	664	CACCATATCCGTGCCACCAC	TGG	NC_002516.2	2719	2738	False	True	39
PA0002	669	CGCCAGTGGTGGCACGGATA	TGG	NC_002516.2	2724	2743	True	False	39
PA0002	675	TGAATTCGCCAGTGGTGGCA	CGG	NC_002516.2	2730	2749	True	False	39
PA0002	680	GAAGGTGAATTCGCCAGTGG	TGG	NC_002516.2	2735	2754	True	False	39
PA0002	683	AGTGAAGGTGAATTCGCCAG	TGG	NC_002516.2	2738	2757	True	False	39
PA0002	690	ATTCACCTTCACTTCGAAGC	TGG	NC_002516.2	2745	2764	False	True	39
PA0002	693	CACCTTCACTTCGAAGCTGG	TGG	NC_002516.2	2748	2767	False	True	39
PA0002	697	TTCACTTCGAAGCTGGTGGA	CGG	NC_002516.2	2752	2771	False	True	39
PA0002	698	GTCCACCAGCTTCGAAGTGA	AGG	NC_002516.2	2753	2772	True	False	39
PA0002	708	GCTGGTGGACGGCAAGTTCC	CGG	NC_002516.2	2763	2782	False	True	39
PA0002	747	GCCGCGCGGTGGCGACAAGC	TGG	NC_002516.2	2802	2821	False	True	39
PA0002	750	GCGCGGTGGCGACAAGCTGG	TGG	NC_002516.2	2805	2824	False	True	39
PA0002	751	ACCAGCTTGTCGCCACCGCG	CGG	NC_002516.2	2806	2825	True	False	39
PA0002	754	GGTGGCGACAAGCTGGTGGT	CGG	NC_002516.2	2809	2828	False	True	39
PA0002	783	AGGCTTCGCGCAGTTGCTGG	CGG	NC_002516.2	2838	2857	True	False	39
PA0002	803	GAGGATCGCGGTACGGCTGA	AGG	NC_002516.2	2858	2877	True	False	39
PA0002	810	CGTTGGAGAGGATCGCGGTA	CGG	NC_002516.2	2865	2884	True	False	39
PA0002	840	AAAGCTGCAGGCGAATGCCG	CGG	NC_002516.2	2895	2914	True	False	39
PA0002	844	ATTCGCCTGCAGCTTTCCAA	CGG	NC_002516.2	2899	2918	False	True	39
PA0002	852	GCAAACCGTTGGAAAGCTGC	AGG	NC_002516.2	2907	2926	True	False	39
PA0002	861	CAACGGTTTGCTGAAAATCC	AGG	NC_002516.2	2916	2935	False	True	39
PA0002	863	CTGGATTTTCAGCAAACCGT	TGG	NC_002516.2	2918	2937	True	False	39
PA0002	873	GAAAATCCAGGCGAACAACC	CGG	NC_002516.2	2928	2947	False	True	39
PA0002	879	CCAGGCGAACAACCCGGAGC	AGG	NC_002516.2	2934	2953	False	True	39
PA0002	882	CCTGCTCCGGGTTGTTCGCC	TGG	NC_002516.2	2937	2956	True	False	39
PA0002	911	CTCGACCTGCACTTCTTCCT	CGG	NC_002516.2	2966	2985	True	False	39
PA0002	916	GAAGTGCAGGTCGAGTACAA	CGG	NC_002516.2	2971	2990	False	True	39
PA0002	919	GTGCAGGTCGAGTACAACGG	CGG	NC_002516.2	2974	2993	False	True	39
PA0002	927	CGAGTACAACGGCGGCAACC	TGG	NC_002516.2	2982	3001	False	True	39
PA0002	966	CAGTTACCTGCTCGACGTGC	TGG	NC_002516.2	3021	3040	False	True	39
PA0002	967	AGTTACCTGCTCGACGTGCT	GGG	NC_002516.2	3022	3041	False	True	39
PA0002	975	TCACACCCAGCACGTCGAGC	AGG	NC_002516.2	3030	3049	True	False	39
PA0002	976	CTCGACGTGCTGGGTGTGAT	CGG	NC_002516.2	3031	3050	False	True	39
PA0002	987	GGGTGTGATCGGTACCGAGC	AGG	NC_002516.2	3042	3061	False	True	39
PA0002	1004	AAGGATGAAGCGGACCTGCT	CGG	NC_002516.2	3059	3078	True	False	39
PA0002	1014	TGGAATCGGAAAGGATGAAG	CGG	NC_002516.2	3069	3088	True	False	39
PA0002	1023	CGCTGCTGTTGGAATCGGAA	AGG	NC_002516.2	3078	3097	True	False	39
PA0002	1026	CGATTCCAACAGCAGCGCCC	TGG	NC_002516.2	3081	3100	False	True	39
PA0002	1028	CAGGGCGCTGCTGTTGGAAT	CGG	NC_002516.2	3083	3102	True	False	39
PA0002	1034	GTGGACCAGGGCGCTGCTGT	TGG	NC_002516.2	3089	3108	True	False	39
PA0002	1035	CAGCAGCGCCCTGGTCCACG	AGG	NC_002516.2	3090	3109	False	True	39
PA0002	1046	ATTGTCGGCCTCGTGGACCA	GGG	NC_002516.2	3101	3120	True	False	39
PA0002	1047	CATTGTCGGCCTCGTGGACC	AGG	NC_002516.2	3102	3121	True	False	39
PA0002	1053	AATCGTCATTGTCGGCCTCG	TGG	NC_002516.2	3108	3127	True	False	39
PA0002	1061	ATAGGCAGAATCGTCATTGT	CGG	NC_002516.2	3116	3135	True	False	39
PA0002	1079	GCGCATCGGCATGACGACAT	AGG	NC_002516.2	3134	3153	True	False	39
PA0003	0	AATGTCCCTGACCCGCGTTT	CGG	NC_002516.2	3168	3187	False	True	39
PA0003	8	GGTGACCGAAACGCGGGTCA	GGG	NC_002516.2	3176	3195	True	False	39
PA0003	9	CGGTGACCGAAACGCGGGTC	AGG	NC_002516.2	3177	3196	True	False	39
PA0003	9	GACCCGCGTTTCGGTCACCG	CGG	NC_002516.2	3177	3196	False	True	39
PA0003	14	CACCGCGGTGACCGAAACGC	GGG	NC_002516.2	3182	3201	True	False	39
PA0003	15	GCACCGCGGTGACCGAAACG	CGG	NC_002516.2	3183	3202	True	False	39
PA0003	27	CGCGGTGCGCAACCTGCACC	CGG	NC_002516.2	3195	3214	False	True	39
PA0003	29	CGGGTGCAGGTTGCGCACCG	CGG	NC_002516.2	3197	3216	True	False	39
PA0003	42	GGGAGAGGGTCACCGGGTGC	AGG	NC_002516.2	3210	3229	True	False	39
PA0003	48	GGGAGGGGGAGAGGGTCACC	GGG	NC_002516.2	3216	3235	True	False	39
PA0003	49	GGGGAGGGGGAGAGGGTCAC	CGG	NC_002516.2	3217	3236	True	False	39
PA0003	70	CCGTAGAGGATGTTGATGCG	GGG	NC_002516.2	3238	3257	True	False	39
PA0003	117	GCTCGAAGCCATCCACCTGC	TGG	NC_002516.2	3285	3304	False	True	39
PA0003	123	AGCCATCCACCTGCTGGGCC	TGG	NC_002516.2	3291	3310	False	True	39
PA0003	128	CGCCAGGCCCAGCAGGTGGA	TGG	NC_002516.2	3296	3315	True	False	39
PA0003	132	AACGCGCCAGGCCCAGCAGG	TGG	NC_002516.2	3300	3319	True	False	39
PA0003	135	ATGAACGCGCCAGGCCCAGC	AGG	NC_002516.2	3303	3322	True	False	39
PA0003	144	CACTGCGGAATGAACGCGCC	AGG	NC_002516.2	3312	3331	True	False	39
PA0003	156	CCGCAGTGCGCGCTTGCAGC	CGG	NC_002516.2	3324	3343	False	True	39
PA0003	159	CCGGCTGCAAGCGCGCACTG	CGG	NC_002516.2	3327	3346	True	False	39
PA0003	171	GCAGCCGGTGATCCAGTATG	AGG	NC_002516.2	3339	3358	False	True	39
PA0003	177	GGTGATCCAGTATGAGGAAG	CGG	NC_002516.2	3345	3364	False	True	39
PA0003	178	GCTTCCTCATACTGGATCAC	CGG	NC_002516.2	3346	3365	True	False	39
PA0003	186	TGCAGGCCGCTTCCTCATAC	TGG	NC_002516.2	3354	3373	True	False	39
PA0003	193	GAAGCGGCCTGCACCGTATT	CGG	NC_002516.2	3361	3380	False	True	39
PA0003	198	GGCCTGCACCGTATTCGGCC	AGG	NC_002516.2	3366	3385	False	True	39
PA0003	203	CACCTGGCCGAATACGGTGC	AGG	NC_002516.2	3371	3390	True	False	39
PA0003	207	CGTATTCGGCCAGGTGATGT	TGG	NC_002516.2	3375	3394	False	True	39
PA0003	209	CAACATCACCTGGCCGAATA	CGG	NC_002516.2	3377	3396	True	False	39
PA0003	214	GGCCAGGTGATGTTGGCCAA	CGG	NC_002516.2	3382	3401	False	True	39
PA0003	219	TGCCGTTGGCCAACATCACC	TGG	NC_002516.2	3387	3406	True	False	39
PA0003	231	CAACGGCATCGCCAGCAACC	TGG	NC_002516.2	3399	3418	False	True	39
PA0003	232	AACGGCATCGCCAGCAACCT	GGG	NC_002516.2	3400	3419	False	True	39
PA0003	233	ACGGCATCGCCAGCAACCTG	GGG	NC_002516.2	3401	3420	False	True	39
PA0003	233	CAGGTTGCTGGCGATGCCGT	TGG	NC_002516.2	3401	3420	True	False	39
PA0003	245	ACGGGAAATCCCCAGGTTGC	TGG	NC_002516.2	3413	3432	True	False	39
PA0003	252	GGGGATTTCCCGTGAGCGCC	AGG	NC_002516.2	3420	3439	False	True	39
PA0003	252	GGCGCTCACGGGAAATCCCC	AGG	NC_002516.2	3420	3439	True	False	39
PA0003	253	GGGATTTCCCGTGAGCGCCA	GGG	NC_002516.2	3421	3440	False	True	39
PA0003	263	GAACTCGCCCTGGCGCTCAC	GGG	NC_002516.2	3431	3450	True	False	39
PA0003	264	TGAACTCGCCCTGGCGCTCA	CGG	NC_002516.2	3432	3451	True	False	39
PA0003	273	TGCGGATGGTGAACTCGCCC	TGG	NC_002516.2	3441	3460	True	False	39
PA0003	277	GAGTTCACCATCCGCATCGA	TGG	NC_002516.2	3445	3464	False	True	39
PA0003	278	AGTTCACCATCCGCATCGAT	GGG	NC_002516.2	3446	3465	False	True	39
PA0003	287	GTTCTGCCCATCGATGCGGA	TGG	NC_002516.2	3455	3474	True	False	39
PA0003	290	GCATCGATGGGCAGAACGCC	CGG	NC_002516.2	3458	3477	False	True	39
PA0003	291	GGGCGTTCTGCCCATCGATG	CGG	NC_002516.2	3459	3478	True	False	39
PA0003	297	TGGGCAGAACGCCCGGAGTG	CGG	NC_002516.2	3465	3484	False	True	39
PA0003	306	CGCCCGGAGTGCGGCTCAAT	TGG	NC_002516.2	3474	3493	False	True	39
PA0003	309	CCGGAGTGCGGCTCAATTGG	CGG	NC_002516.2	3477	3496	False	True	39
PA0003	311	CGCCAATTGAGCCGCACTCC	GGG	NC_002516.2	3479	3498	True	False	39
PA0003	312	CCGCCAATTGAGCCGCACTC	CGG	NC_002516.2	3480	3499	True	False	39
PA0003	339	CCCACTGCAACTGATCAACC	CGG	NC_002516.2	3507	3526	False	True	39
PA0003	342	CCGGGTTGATCAGTTGCAGT	GGG	NC_002516.2	3510	3529	True	False	39
PA0003	343	TCCGGGTTGATCAGTTGCAG	TGG	NC_002516.2	3511	3530	True	False	39
PA0003	350	TGATCAACCCGGACAGCTTT	CGG	NC_002516.2	3518	3537	False	True	39
PA0003	360	GGACAGCTTTCGGTTGCTCG	AGG	NC_002516.2	3528	3547	False	True	39
PA0003	360	CGAGCAACCGAAAGCTGTCC	GGG	NC_002516.2	3528	3547	True	False	39
PA0003	361	GACAGCTTTCGGTTGCTCGA	GGG	NC_002516.2	3529	3548	False	True	39
PA0003	361	TCGAGCAACCGAAAGCTGTC	CGG	NC_002516.2	3529	3548	True	False	39
PA0003	411	CGTGGAACACTCCCCAATCG	AGG	NC_002516.2	3579	3598	True	False	39
PA0003	411	CGATTGGGGAGTGTTCCACG	TGG	NC_002516.2	3579	3598	False	True	39
PA0003	419	GAGTGTTCCACGTGGAACCT	CGG	NC_002516.2	3587	3606	False	True	39
PA0003	429	GCAGAAACCGAGGTTCCACG	TGG	NC_002516.2	3597	3616	True	False	39
PA0003	434	AACCTCGGTTTCTGCCCGTC	TGG	NC_002516.2	3602	3621	False	True	39
PA0003	439	TGCCAGACGGGCAGAAACCG	AGG	NC_002516.2	3607	3626	True	False	39
PA0003	450	CGTCTGGCAGCGCCTGCAGA	AGG	NC_002516.2	3618	3637	False	True	39
PA0003	451	TTCTGCAGGCGCTGCCAGAC	GGG	NC_002516.2	3619	3638	True	False	39
PA0003	452	CTTCTGCAGGCGCTGCCAGA	CGG	NC_002516.2	3620	3639	True	False	39
PA0003	465	GCTGGCGCAGCGCCTTCTGC	AGG	NC_002516.2	3633	3652	True	False	39
PA0003	473	CGCTGCGCCAGCGGAACTCC	TGG	NC_002516.2	3641	3660	False	True	39
PA0003	479	GCCAGCGGAACTCCTGGCTC	CGG	NC_002516.2	3647	3666	False	True	39
PA0003	483	GCCGGAGCCAGGAGTTCCGC	TGG	NC_002516.2	3651	3670	True	False	39
PA0003	484	CGGAACTCCTGGCTCCGGCA	TGG	NC_002516.2	3652	3671	False	True	39
PA0003	492	CTGGCTCCGGCATGGTAAAC	TGG	NC_002516.2	3660	3679	False	True	39
PA0003	494	CAGTTTACCATGCCGGAGCC	AGG	NC_002516.2	3662	3681	True	False	39
PA0003	501	CGGGGTCCAGTTTACCATGC	CGG	NC_002516.2	3669	3688	True	False	39
PA0003	510	ACTGGACCCCGCGTCGCAAG	CGG	NC_002516.2	3678	3697	False	True	39
PA0003	515	ACCCCGCGTCGCAAGCGGCC	TGG	NC_002516.2	3683	3702	False	True	39
PA0003	516	CCCCGCGTCGCAAGCGGCCT	GGG	NC_002516.2	3684	3703	False	True	39
PA0003	519	CCCAGGCCGCTTGCGACGCG	GGG	NC_002516.2	3687	3706	True	False	39
PA0003	520	TCCCAGGCCGCTTGCGACGC	GGG	NC_002516.2	3688	3707	True	False	39
PA0003	521	GTCCCAGGCCGCTTGCGACG	CGG	NC_002516.2	3689	3708	True	False	39
PA0003	521	CGTCGCAAGCGGCCTGGGAC	CGG	NC_002516.2	3689	3708	False	True	39
PA0003	522	GTCGCAAGCGGCCTGGGACC	GGG	NC_002516.2	3690	3709	False	True	39
PA0003	534	CTGGGACCGGGAATTGAGCC	TGG	NC_002516.2	3702	3721	False	True	39
PA0003	536	CAGGCTCAATTCCCGGTCCC	AGG	NC_002516.2	3704	3723	True	False	39
PA0003	543	CGCTGGCCAGGCTCAATTCC	CGG	NC_002516.2	3711	3730	True	False	39
PA0003	555	CATCGATCTCATCGCTGGCC	AGG	NC_002516.2	3723	3742	True	False	39
PA0003	576	CTACCGCAGAAGCTATATCC	AGG	NC_002516.2	3744	3763	False	True	39
PA0003	578	CTGGATATAGCTTCTGCGGT	AGG	NC_002516.2	3746	3765	True	False	39
PA0003	582	ACGCCTGGATATAGCTTCTG	CGG	NC_002516.2	3750	3769	True	False	39
PA0003	588	CTATATCCAGGCGTTGAAAC	CGG	NC_002516.2	3756	3775	False	True	39
PA0003	597	GGCGTTGAAACCGGTATTCG	AGG	NC_002516.2	3765	3784	False	True	39
PA0003	597	CGAATACCGGTTTCAACGCC	TGG	NC_002516.2	3765	3784	True	False	39
PA0003	610	GCGAGTGTTTCCTCGAATAC	CGG	NC_002516.2	3778	3797	True	False	39
PA0003	615	CGAGGAAACACTCGCCGAAT	TGG	NC_002516.2	3783	3802	False	True	39
PA0003	624	ACTCGCCGAATTGGTTTCAC	TGG	NC_002516.2	3792	3811	False	True	39
PA0003	632	GTCATCCAGTGAAACCAATT	CGG	NC_002516.2	3800	3819	True	False	39
PA0003	652	CTGACCCTTAGCTACTACCG	AGG	NC_002516.2	3820	3839	False	True	39
PA0003	654	CTCGGTAGTAGCTAAGGGTC	AGG	NC_002516.2	3822	3841	True	False	39
PA0003	656	CCCTTAGCTACTACCGAGGC	TGG	NC_002516.2	3824	3843	False	True	39
PA0003	657	CCTTAGCTACTACCGAGGCT	GGG	NC_002516.2	3825	3844	False	True	39
PA0003	659	CCAGCCTCGGTAGTAGCTAA	GGG	NC_002516.2	3827	3846	True	False	39
PA0003	660	CCCAGCCTCGGTAGTAGCTA	AGG	NC_002516.2	3828	3847	True	False	39
PA0003	663	CTACTACCGAGGCTGGGACA	AGG	NC_002516.2	3831	3850	False	True	39
PA0003	668	ACCGAGGCTGGGACAAGGAC	CGG	NC_002516.2	3836	3855	False	True	39
PA0003	669	CCGAGGCTGGGACAAGGACC	GGG	NC_002516.2	3837	3856	False	True	39
PA0003	672	CCCGGTCCTTGTCCCAGCCT	CGG	NC_002516.2	3840	3859	True	False	39
PA0003	678	GGACAAGGACCGGGACCTCC	TGG	NC_002516.2	3846	3865	False	True	39
PA0003	681	CAAGGACCGGGACCTCCTGG	AGG	NC_002516.2	3849	3868	False	True	39
PA0003	687	CCGGGACCTCCTGGAGGTTC	TGG	NC_002516.2	3855	3874	False	True	39
PA0003	690	CCAGAACCTCCAGGAGGTCC	CGG	NC_002516.2	3858	3877	True	False	39
PA0003	696	TGGAAGCCAGAACCTCCAGG	AGG	NC_002516.2	3864	3883	True	False	39
PA0003	699	GGCTGGAAGCCAGAACCTCC	AGG	NC_002516.2	3867	3886	True	False	39
PA0003	716	CTGCTGGTCGCGCAACAGGC	TGG	NC_002516.2	3884	3903	True	False	39
PA0003	717	CCTGTTGCGCGACCAGCAGA	TGG	NC_002516.2	3885	3904	False	True	39
PA0003	718	CTGTTGCGCGACCAGCAGAT	GGG	NC_002516.2	3886	3905	False	True	39
PA0003	720	CCATCTGCTGGTCGCGCAAC	AGG	NC_002516.2	3888	3907	True	False	39
PA0003	729	CCAGCAGATGGGCCACACCC	AGG	NC_002516.2	3897	3916	False	True	39
PA0003	732	GCAGATGGGCCACACCCAGG	CGG	NC_002516.2	3900	3919	False	True	39
PA0003	732	CCTGGGTGTGGCCCATCTGC	TGG	NC_002516.2	3900	3919	True	False	39
PA0003	733	CAGATGGGCCACACCCAGGC	GGG	NC_002516.2	3901	3920	False	True	39
PA0003	744	GCTGCGGTCCCGCCTGGGTG	TGG	NC_002516.2	3912	3931	True	False	39
PA0003	747	CCAGGCGGGACCGCAGCGTG	CGG	NC_002516.2	3915	3934	False	True	39
PA0003	749	CGCACGCTGCGGTCCCGCCT	GGG	NC_002516.2	3917	3936	True	False	39
PA0003	750	CCGCACGCTGCGGTCCCGCC	TGG	NC_002516.2	3918	3937	True	False	39
PA0003	760	ATGCGAAGATCCGCACGCTG	CGG	NC_002516.2	3928	3947	True	False	39
PA0003	761	AGCGTGCGGATCTTCGCATA	CGG	NC_002516.2	3929	3948	False	True	39
PA0003	765	TGCGGATCTTCGCATACGGT	TGG	NC_002516.2	3933	3952	False	True	39
PA0003	769	GATCTTCGCATACGGTTGGC	AGG	NC_002516.2	3937	3956	False	True	39
PA0003	783	GTTGGCAGGTCATAACGCCG	CGG	NC_002516.2	3951	3970	False	True	39
PA0003	799	GCCGCGGAGATTCTCTCGCG	CGG	NC_002516.2	3967	3986	False	True	39
PA0003	803	ACCGCGCGAGAGAATCTCCG	CGG	NC_002516.2	3971	3990	True	False	39
PA0003	813	CTCGCGCGGTCAGCAGAAGC	TGG	NC_002516.2	3981	4000	False	True	39
PA0003	816	GCGCGGTCAGCAGAAGCTGG	TGG	NC_002516.2	3984	4003	False	True	39
PA0003	841	TGCGCCCTGCGCATCGCCCA	AGG	NC_002516.2	4009	4028	False	True	39
PA0003	848	ATGGCCTTGGGCGATGCGCA	GGG	NC_002516.2	4016	4035	True	False	39
PA0003	849	GATGGCCTTGGGCGATGCGC	AGG	NC_002516.2	4017	4036	True	False	39
PA0003	860	GCGATTGATCAGATGGCCTT	GGG	NC_002516.2	4028	4047	True	False	39
PA0003	861	CGCGATTGATCAGATGGCCT	TGG	NC_002516.2	4029	4048	True	False	39
PA0003	867	GCTTGGCGCGATTGATCAGA	TGG	NC_002516.2	4035	4054	True	False	39
PA0003	868	CTGATCAATCGCGCCAAGCG	CGG	NC_002516.2	4036	4055	False	True	39
PA0003	884	GTAGACGCACTGTCCGCGCT	TGG	NC_002516.2	4052	4071	True	False	39
PA0003	885	GCGCGGACAGTGCGTCTACC	TGG	NC_002516.2	4053	4072	False	True	39
PA0003	888	CGGACAGTGCGTCTACCTGG	TGG	NC_002516.2	4056	4075	False	True	39
PA0003	903	CCTGGTGGACGACCTGCCCT	CGG	NC_002516.2	4071	4090	False	True	39
PA0003	954	TTGCCGCTTGCTTGAAGATT	TGG	NC_002516.2	4122	4141	False	True	39
PA0003	955	TGCCGCTTGCTTGAAGATTT	GGG	NC_002516.2	4123	4142	False	True	39
PA0003	960	AACCCAAATCTTCAAGCAAG	CGG	NC_002516.2	4128	4147	True	False	39
PA0003	963	GCTTGAAGATTTGGGTTGCC	AGG	NC_002516.2	4131	4150	False	True	39
PA0003	981	CCAGGTATTCATCACCTGCG	TGG	NC_002516.2	4149	4168	False	True	39
PA0003	984	CCACGCAGGTGATGAATACC	TGG	NC_002516.2	4152	4171	True	False	39
PA0003	998	CAATAGTTGCGGGTCCACGC	AGG	NC_002516.2	4166	4185	True	False	39
PA0003	1003	GACCCGCAACTATTGAAAGA	CGG	NC_002516.2	4171	4190	False	True	39
PA0003	1007	CGCAACTATTGAAAGACGGC	TGG	NC_002516.2	4175	4194	False	True	39
PA0003	1008	AGCCGTCTTTCAATAGTTGC	GGG	NC_002516.2	4176	4195	True	False	39
PA0003	1009	CAGCCGTCTTTCAATAGTTG	CGG	NC_002516.2	4177	4196	True	False	39
PA0003	1014	ATTGAAAGACGGCTGGCGCA	CGG	NC_002516.2	4182	4201	False	True	39
PA0003	1023	CGGCTGGCGCACGGATACGC	CGG	NC_002516.2	4191	4210	False	True	39
PA0003	1041	GCCGGTATCCATGTTCCACG	TGG	NC_002516.2	4209	4228	False	True	39
PA0003	1045	TCCACGTGGAACATGGATAC	CGG	NC_002516.2	4213	4232	True	False	39
PA0003	1059	AGACTTTTCCATGTTCCACG	TGG	NC_002516.2	4227	4246	True	False	39
PA0003	1075	GTCTCTCAGACCACGACCAT	CGG	NC_002516.2	4243	4262	False	True	39
PA0003	1076	TCTCTCAGACCACGACCATC	GGG	NC_002516.2	4244	4263	False	True	39
PA0004	18	GTACGACTCTTCCAGCATCA	AGG	NC_002516.2	4292	4311	False	True	39
PA0004	27	TTCCAGCATCAAGGTGCTGA	AGG	NC_002516.2	4301	4320	False	True	39
PA0004	28	TCCAGCATCAAGGTGCTGAA	GGG	NC_002516.2	4302	4321	False	True	39
PA0004	32	CCCCTTCAGCACCTTGATGC	TGG	NC_002516.2	4306	4325	True	False	39
PA0004	55	GATGCCGTACGCAAGCGCCC	CGG	NC_002516.2	4329	4348	False	True	39
PA0004	62	CATGCCGGGGCGCTTGCGTA	CGG	NC_002516.2	4336	4355	True	False	39
PA0004	67	AAGCGCCCCGGCATGTACAT	CGG	NC_002516.2	4341	4360	False	True	39
PA0004	75	TGTCGCCGATGTACATGCCG	GGG	NC_002516.2	4349	4368	True	False	39
PA0004	76	GTGTCGCCGATGTACATGCC	GGG	NC_002516.2	4350	4369	True	False	39
PA0004	77	GGTGTCGCCGATGTACATGC	CGG	NC_002516.2	4351	4370	True	False	39
PA0004	82	TACATCGGCGACACCGACGA	TGG	NC_002516.2	4356	4375	False	True	39
PA0004	88	GGCGACACCGACGATGGCAC	CGG	NC_002516.2	4362	4381	False	True	39
PA0004	98	GTGCAGACCGGTGCCATCGT	CGG	NC_002516.2	4372	4391	True	False	39
PA0004	102	TGGCACCGGTCTGCACCACA	TGG	NC_002516.2	4376	4395	False	True	39
PA0004	110	GAACACCATGTGGTGCAGAC	CGG	NC_002516.2	4384	4403	True	False	39
PA0004	111	TCTGCACCACATGGTGTTCG	AGG	NC_002516.2	4385	4404	False	True	39
PA0004	114	GCACCACATGGTGTTCGAGG	TGG	NC_002516.2	4388	4407	False	True	39
PA0004	117	CCACATGGTGTTCGAGGTGG	TGG	NC_002516.2	4391	4410	False	True	39
PA0004	120	CCACCACCTCGAACACCATG	TGG	NC_002516.2	4394	4413	True	False	39
PA0004	141	TAACTCCATCGACGAAGCGC	TGG	NC_002516.2	4415	4434	False	True	39
PA0004	145	TCCATCGACGAAGCGCTGGC	CGG	NC_002516.2	4419	4438	False	True	39
PA0004	149	ACCGGCCAGCGCTTCGTCGA	TGG	NC_002516.2	4423	4442	True	False	39
PA0004	167	GCTGATTTCGCTGCAGTAAC	CGG	NC_002516.2	4441	4460	True	False	39
PA0004	180	AATCAGCATCACCATCCATA	CGG	NC_002516.2	4454	4473	False	True	39
PA0004	194	GATCGACTCATCCGTATGGA	TGG	NC_002516.2	4468	4487	True	False	39
PA0004	198	CAGTGATCGACTCATCCGTA	TGG	NC_002516.2	4472	4491	True	False	39
PA0004	208	TCGATCACTGTCCGCGACAA	TGG	NC_002516.2	4482	4501	False	True	39
PA0004	214	ACTGTCCGCGACAATGGACG	CGG	NC_002516.2	4488	4507	False	True	39
PA0004	222	CGACAATGGACGCGGTATTC	CGG	NC_002516.2	4496	4515	False	True	39
PA0004	222	GAATACCGCGTCCATTGTCG	CGG	NC_002516.2	4496	4515	True	False	39
PA0004	225	CAATGGACGCGGTATTCCGG	TGG	NC_002516.2	4499	4518	False	True	39
PA0004	237	TATTCCGGTGGATATCCACA	AGG	NC_002516.2	4511	4530	False	True	39
PA0004	244	TCTTCCTTGTGGATATCCAC	CGG	NC_002516.2	4518	4537	True	False	39
PA0004	244	GTGGATATCCACAAGGAAGA	AGG	NC_002516.2	4518	4537	False	True	39
PA0004	245	TGGATATCCACAAGGAAGAA	GGG	NC_002516.2	4519	4538	False	True	39
PA0004	246	GGATATCCACAAGGAAGAAG	GGG	NC_002516.2	4520	4539	False	True	39
PA0004	255	CAAGGAAGAAGGGGTTTCTG	CGG	NC_002516.2	4529	4548	False	True	39
PA0004	255	CAGAAACCCCTTCTTCCTTG	TGG	NC_002516.2	4529	4548	True	False	39
PA0004	258	GGAAGAAGGGGTTTCTGCGG	CGG	NC_002516.2	4532	4551	False	True	39
PA0004	286	ATCATGACCGTCCTCCACGC	CGG	NC_002516.2	4560	4579	False	True	39
PA0004	289	ATGACCGTCCTCCACGCCGG	CGG	NC_002516.2	4563	4582	False	True	39
PA0004	296	CTTGCCGCCGGCGTGGAGGA	CGG	NC_002516.2	4570	4589	True	False	39
PA0004	300	CGAACTTGCCGCCGGCGTGG	AGG	NC_002516.2	4574	4593	True	False	39
PA0004	303	CGTCGAACTTGCCGCCGGCG	TGG	NC_002516.2	4577	4596	True	False	39
PA0004	339	GTCCGGCGGCTTGCACGGTG	TGG	NC_002516.2	4613	4632	False	True	39
PA0004	348	CTTGCACGGTGTGGGCGTCT	CGG	NC_002516.2	4622	4641	False	True	39
PA0004	351	GCACGGTGTGGGCGTCTCGG	TGG	NC_002516.2	4625	4644	False	True	39
PA0004	402	TGTTGTGGCGACGGATGGTC	AGG	NC_002516.2	4676	4695	True	False	39
PA0004	402	GACCATCCGTCGCCACAACA	AGG	NC_002516.2	4676	4695	False	True	39
PA0004	407	TCCGTCGCCACAACAAGGTC	TGG	NC_002516.2	4681	4700	False	True	39
PA0004	407	GACCTTGTTGTGGCGACGGA	TGG	NC_002516.2	4681	4700	True	False	39
PA0004	408	CCGTCGCCACAACAAGGTCT	GGG	NC_002516.2	4682	4701	False	True	39
PA0004	411	CCCAGACCTTGTTGTGGCGA	CGG	NC_002516.2	4685	4704	True	False	39
PA0004	414	CCACAACAAGGTCTGGGAAC	AGG	NC_002516.2	4688	4707	False	True	39
PA0004	417	CCTGTTCCCAGACCTTGTTG	TGG	NC_002516.2	4691	4710	True	False	39
PA0004	427	TGGGAACAGGTCTACCACCA	CGG	NC_002516.2	4701	4720	False	True	39
PA0004	444	GGAACTGCGGAACGCCGTGG	TGG	NC_002516.2	4718	4737	True	False	39
PA0004	447	GTGGGAACTGCGGAACGCCG	TGG	NC_002516.2	4721	4740	True	False	39
PA0004	456	GCAGTTCCCACTGCGCGAAG	TGG	NC_002516.2	4730	4749	False	True	39
PA0004	457	ACTTCGCGCAGTGGGAACTG	CGG	NC_002516.2	4731	4750	True	False	39
PA0004	457	CAGTTCCCACTGCGCGAAGT	GGG	NC_002516.2	4731	4750	False	True	39
PA0004	465	TCTCGCCCACTTCGCGCAGT	GGG	NC_002516.2	4739	4758	True	False	39
PA0004	466	GTCTCGCCCACTTCGCGCAG	TGG	NC_002516.2	4740	4759	True	False	39
PA0004	469	CGCGAAGTGGGCGAGACCGA	TGG	NC_002516.2	4743	4762	False	True	39
PA0004	475	GTGGGCGAGACCGATGGCTC	CGG	NC_002516.2	4749	4768	False	True	39
PA0004	503	GGACGGCTTGAAGTGAACTT	CGG	NC_002516.2	4777	4796	True	False	39
PA0004	504	AGTTCACTTCAAGCCGTCCC	CGG	NC_002516.2	4778	4797	False	True	39
PA0004	520	TTGCTGAAGGTCTCCGGGGA	CGG	NC_002516.2	4794	4813	True	False	39
PA0004	524	GATGTTGCTGAAGGTCTCCG	GGG	NC_002516.2	4798	4817	True	False	39
PA0004	525	GGATGTTGCTGAAGGTCTCC	GGG	NC_002516.2	4799	4818	True	False	39
PA0004	526	TGGATGTTGCTGAAGGTCTC	CGG	NC_002516.2	4800	4819	True	False	39
PA0004	533	ACTGAAGTGGATGTTGCTGA	AGG	NC_002516.2	4807	4826	True	False	39
PA0004	533	TCAGCAACATCCACTTCAGT	TGG	NC_002516.2	4807	4826	False	True	39
PA0004	534	CAGCAACATCCACTTCAGTT	GGG	NC_002516.2	4808	4827	False	True	39
PA0004	543	CCACTTCAGTTGGGACATCC	TGG	NC_002516.2	4817	4836	False	True	39
PA0004	546	CCAGGATGTCCCAACTGAAG	TGG	NC_002516.2	4820	4839	True	False	39
PA0004	586	TCCTTCCTCAACTCCGGCGT	CGG	NC_002516.2	4860	4879	False	True	39
PA0004	590	GCCGACGCCGGAGTTGAGGA	AGG	NC_002516.2	4864	4883	True	False	39
PA0004	594	GGATGCCGACGCCGGAGTTG	AGG	NC_002516.2	4868	4887	True	False	39
PA0004	602	GCGCAGCAGGATGCCGACGC	CGG	NC_002516.2	4876	4895	True	False	39
PA0004	613	CTGCTGCGCGACGAGCGTAC	CGG	NC_002516.2	4887	4906	False	True	39
PA0004	615	CGGTACGCTCGTCGCGCAGC	AGG	NC_002516.2	4889	4908	True	False	39
PA0004	618	GCGCGACGAGCGTACCGGCA	AGG	NC_002516.2	4892	4911	False	True	39
PA0004	621	CGACGAGCGTACCGGCAAGG	AGG	NC_002516.2	4895	4914	False	True	39
PA0004	635	CTTGAACAGCTCCTCCTTGC	CGG	NC_002516.2	4909	4928	True	False	39
PA0004	640	GAGGAGCTGTTCAAGTACGA	AGG	NC_002516.2	4914	4933	False	True	39
PA0004	643	GAGCTGTTCAAGTACGAAGG	CGG	NC_002516.2	4917	4936	False	True	39
PA0004	651	CAAGTACGAAGGCGGTCTGA	AGG	NC_002516.2	4925	4944	False	True	39
PA0004	696	CAACAAGACCGCGGTGAACG	AGG	NC_002516.2	4970	4989	False	True	39
PA0004	698	CTCGTTCACCGCGGTCTTGT	TGG	NC_002516.2	4972	4991	True	False	39
PA0004	707	GTGGAATACCTCGTTCACCG	CGG	NC_002516.2	4981	5000	True	False	39
PA0004	726	CTTCACGCTGGACGTTGAAG	TGG	NC_002516.2	5000	5019	True	False	39
PA0004	726	CTTCAACGTCCAGCGTGAAG	AGG	NC_002516.2	5000	5019	False	True	39
PA0004	730	AACGTCCAGCGTGAAGAGGA	CGG	NC_002516.2	5004	5023	False	True	39
PA0004	735	CCAGCGTGAAGAGGACGGCG	TGG	NC_002516.2	5009	5028	False	True	39
PA0004	736	CAGCGTGAAGAGGACGGCGT	GGG	NC_002516.2	5010	5029	False	True	39
PA0004	738	CCACGCCGTCCTCTTCACGC	TGG	NC_002516.2	5012	5031	True	False	39
PA0004	741	TGAAGAGGACGGCGTGGGTG	TGG	NC_002516.2	5015	5034	False	True	39
PA0004	758	GTGTGGAAGTCGCCTTGCAG	TGG	NC_002516.2	5032	5051	False	True	39
PA0004	773	GAAGCTGTCGTTCCACTGCA	AGG	NC_002516.2	5047	5066	True	False	39
PA0004	804	TGTTGTTGGTGAAGCAGAGC	AGG	NC_002516.2	5078	5097	True	False	39
PA0004	817	AACAACATCCCGCAGCGTGA	CGG	NC_002516.2	5091	5110	False	True	39
PA0004	846	CCACCTGGCCGGTTTCCGTT	CGG	NC_002516.2	5120	5139	False	True	39
PA0004	848	CGAACGGAAACCGGCCAGGT	GGG	NC_002516.2	5122	5141	True	False	39
PA0004	849	CCGAACGGAAACCGGCCAGG	TGG	NC_002516.2	5123	5142	True	False	39
PA0004	852	GCGCCGAACGGAAACCGGCC	AGG	NC_002516.2	5126	5145	True	False	39
PA0004	857	CGTCAGCGCCGAACGGAAAC	CGG	NC_002516.2	5131	5150	True	False	39
PA0004	864	GGTTACGCGTCAGCGCCGAA	CGG	NC_002516.2	5138	5157	True	False	39
PA0004	879	TAACCTGAACAACTACATCG	AGG	NC_002516.2	5153	5172	False	True	39
PA0004	885	CGGCCTCGATGTAGTTGTTC	AGG	NC_002516.2	5159	5178	True	False	39
PA0004	886	AACAACTACATCGAGGCCGA	AGG	NC_002516.2	5160	5179	False	True	39
PA0004	891	CTACATCGAGGCCGAAGGCC	TGG	NC_002516.2	5165	5184	False	True	39
PA0004	935	GCGGGCATCGTCGCCGGTGG	TGG	NC_002516.2	5209	5228	True	False	39
PA0004	938	TTCGCGGGCATCGTCGCCGG	TGG	NC_002516.2	5212	5231	True	False	39
PA0004	941	GCCTTCGCGGGCATCGTCGC	CGG	NC_002516.2	5215	5234	True	False	39
PA0004	953	GATCGCGGTGAGGCCTTCGC	GGG	NC_002516.2	5227	5246	True	False	39
PA0004	954	TGATCGCGGTGAGGCCTTCG	CGG	NC_002516.2	5228	5247	True	False	39
PA0004	957	AGGCCTCACCGCGATCATCT	CGG	NC_002516.2	5231	5250	False	True	39
PA0004	963	TCACCGAGATGATCGCGGTG	AGG	NC_002516.2	5237	5256	True	False	39
PA0004	963	CACCGCGATCATCTCGGTGA	AGG	NC_002516.2	5237	5256	False	True	39
PA0004	968	TACCTTCACCGAGATGATCG	CGG	NC_002516.2	5242	5261	True	False	39
PA0004	969	GATCATCTCGGTGAAGGTAC	CGG	NC_002516.2	5243	5262	False	True	39
PA0004	991	TGCGAGCTGAACTTCGGGTC	CGG	NC_002516.2	5265	5284	True	False	39
PA0004	996	TGGTCTGCGAGCTGAACTTC	GGG	NC_002516.2	5270	5289	True	False	39
PA0004	996	GAAGTTCAGCTCGCAGACCA	AGG	NC_002516.2	5270	5289	False	True	39
PA0004	997	TTGGTCTGCGAGCTGAACTT	CGG	NC_002516.2	5271	5290	True	False	39
PA0004	1005	CTCGCAGACCAAGGACAAGC	TGG	NC_002516.2	5279	5298	False	True	39
PA0004	1017	GGACAAGCTGGTCTCCTCCG	AGG	NC_002516.2	5291	5310	False	True	39
PA0004	1071	GTACTTCGCCGACTTCCTGC	TGG	NC_002516.2	5345	5364	False	True	39
PA0004	1082	GGGATTCTCCAGCAGGAAGT	CGG	NC_002516.2	5356	5375	True	False	39
PA0004	1089	CTTCGTTGGGATTCTCCAGC	AGG	NC_002516.2	5363	5382	True	False	39
PA0004	1092	GGAGAATCCCAACGAAGCCA	AGG	NC_002516.2	5366	5385	False	True	39
PA0004	1098	TCCCAACGAAGCCAAGGCCG	TGG	NC_002516.2	5372	5391	False	True	39
PA0004	1102	ACCACGGCCTTGGCTTCGTT	GGG	NC_002516.2	5376	5395	True	False	39
PA0004	1102	AACGAAGCCAAGGCCGTGGT	CGG	NC_002516.2	5376	5395	False	True	39
PA0004	1103	GACCACGGCCTTGGCTTCGT	TGG	NC_002516.2	5377	5396	True	False	39
PA0004	1112	CATCTTGCCGACCACGGCCT	TGG	NC_002516.2	5386	5405	True	False	39
PA0004	1118	GTCGATCATCTTGCCGACCA	CGG	NC_002516.2	5392	5411	True	False	39
PA0004	1170	GCGCGAGATGACCCGCCGCA	AGG	NC_002516.2	5444	5463	False	True	39
PA0004	1171	CGCGAGATGACCCGCCGCAA	GGG	NC_002516.2	5445	5464	False	True	39
PA0004	1179	GACCCGCCGCAAGGGCGCGC	TGG	NC_002516.2	5453	5472	False	True	39
PA0004	1184	GTCCAGCGCGCCCTTGCGGC	GGG	NC_002516.2	5458	5477	True	False	39
PA0004	1185	TGTCCAGCGCGCCCTTGCGG	CGG	NC_002516.2	5459	5478	True	False	39
PA0004	1189	AAGGGCGCGCTGGACATCGC	CGG	NC_002516.2	5463	5482	False	True	39
PA0004	1198	CTGGACATCGCCGGCCTGCC	CGG	NC_002516.2	5472	5491	False	True	39
PA0004	1206	CGCCGGCCTGCCCGGCAAAC	TGG	NC_002516.2	5480	5499	False	True	39
PA0004	1211	GGCCAGTTTGCCGGGCAGGC	CGG	NC_002516.2	5485	5504	True	False	39
PA0004	1215	AATCGGCCAGTTTGCCGGGC	AGG	NC_002516.2	5489	5508	True	False	39
PA0004	1218	CGGCAAACTGGCCGATTGCC	AGG	NC_002516.2	5492	5511	False	True	39
PA0004	1219	TGGCAATCGGCCAGTTTGCC	GGG	NC_002516.2	5493	5512	True	False	39
PA0004	1220	CTGGCAATCGGCCAGTTTGC	CGG	NC_002516.2	5494	5513	True	False	39
PA0004	1224	ACTGGCCGATTGCCAGGAAA	AGG	NC_002516.2	5498	5517	False	True	39
PA0004	1230	CGATTGCCAGGAAAAGGACC	CGG	NC_002516.2	5504	5523	False	True	39
PA0004	1232	CGGGTCCTTTTCCTGGCAAT	CGG	NC_002516.2	5506	5525	True	False	39
PA0004	1239	AGAGCGCCGGGTCCTTTTCC	TGG	NC_002516.2	5513	5532	True	False	39
PA0004	1251	TGTACAGTTCGGAGAGCGCC	GGG	NC_002516.2	5525	5544	True	False	39
PA0004	1252	ATGTACAGTTCGGAGAGCGC	CGG	NC_002516.2	5526	5545	True	False	39
PA0004	1254	GCTCTCCGAACTGTACATCG	TGG	NC_002516.2	5528	5547	False	True	39
PA0004	1257	CTCCGAACTGTACATCGTGG	AGG	NC_002516.2	5531	5550	False	True	39
PA0004	1258	TCCGAACTGTACATCGTGGA	GGG	NC_002516.2	5532	5551	False	True	39
PA0004	1262	ACCCTCCACGATGTACAGTT	CGG	NC_002516.2	5536	5555	True	False	39
PA0004	1269	CATCGTGGAGGGTGACTCCG	CGG	NC_002516.2	5543	5562	False	True	39
PA0004	1270	ATCGTGGAGGGTGACTCCGC	GGG	NC_002516.2	5544	5563	False	True	39
PA0004	1273	GTGGAGGGTGACTCCGCGGG	CGG	NC_002516.2	5547	5566	False	True	39
PA0004	1287	CGCGGGCGGTTCCGCCAAGC	AGG	NC_002516.2	5561	5580	False	True	39
PA0004	1288	GCGGGCGGTTCCGCCAAGCA	GGG	NC_002516.2	5562	5581	False	True	39
PA0004	1289	CTGCTTGGCGGAACCGCCCG	CGG	NC_002516.2	5563	5582	True	False	39
PA0004	1301	GCGATTGCGGCCCTGCTTGG	CGG	NC_002516.2	5575	5594	True	False	39
PA0004	1301	CCAAGCAGGGCCGCAATCGC	CGG	NC_002516.2	5575	5594	False	True	39
PA0004	1304	CCGGCGATTGCGGCCCTGCT	TGG	NC_002516.2	5578	5597	True	False	39
PA0004	1308	GGGCCGCAATCGCCGGACCC	AGG	NC_002516.2	5582	5601	False	True	39
PA0004	1314	TCGCCTGGGTCCGGCGATTG	CGG	NC_002516.2	5588	5607	True	False	39
PA0004	1326	CCAGGCGATCCTGCCGCTCA	AGG	NC_002516.2	5600	5619	False	True	39
PA0004	1327	CAGGCGATCCTGCCGCTCAA	GGG	NC_002516.2	5601	5620	False	True	39
PA0004	1338	GGATCTTGCCCTTGAGCGGC	AGG	NC_002516.2	5612	5631	True	False	39
PA0004	1342	TTGAGGATCTTGCCCTTGAG	CGG	NC_002516.2	5616	5635	True	False	39
PA0004	1380	CGACAAGATGCTCTCCTCCC	AGG	NC_002516.2	5654	5673	False	True	39
PA0004	1383	CAAGATGCTCTCCTCCCAGG	AGG	NC_002516.2	5657	5676	False	True	39
PA0004	1387	ATGCTCTCCTCCCAGGAGGT	CGG	NC_002516.2	5661	5680	False	True	39
PA0004	1397	CAGCGTACCGACCTCCTGGG	AGG	NC_002516.2	5671	5690	True	False	39
PA0004	1400	GATCAGCGTACCGACCTCCT	GGG	NC_002516.2	5674	5693	True	False	39
PA0004	1401	TGATCAGCGTACCGACCTCC	TGG	NC_002516.2	5675	5694	True	False	39
PA0004	1407	CGGTACGCTGATCACCGCCC	TGG	NC_002516.2	5681	5700	False	True	39
PA0004	1408	GGTACGCTGATCACCGCCCT	GGG	NC_002516.2	5682	5701	False	True	39
PA0004	1414	CTGATCACCGCCCTGGGCTG	TGG	NC_002516.2	5688	5707	False	True	39
PA0004	1420	ACCGCCCTGGGCTGTGGCAT	CGG	NC_002516.2	5694	5713	False	True	39
PA0004	1424	GCCGATGCCACAGCCCAGGG	CGG	NC_002516.2	5698	5717	True	False	39
PA0004	1427	GCGGCCGATGCCACAGCCCA	GGG	NC_002516.2	5701	5720	True	False	39
PA0004	1428	GGGCTGTGGCATCGGCCGCG	AGG	NC_002516.2	5702	5721	False	True	39
PA0004	1428	CGCGGCCGATGCCACAGCCC	AGG	NC_002516.2	5702	5721	True	False	39
PA0004	1479	CGGTCATGATGATGATGTTG	TGG	NC_002516.2	5753	5772	True	False	39
PA0004	1492	ATGACCGATGCTGACGTCGA	CGG	NC_002516.2	5766	5785	False	True	39
PA0004	1499	CGAACCGTCGACGTCAGCAT	CGG	NC_002516.2	5773	5792	True	False	39
PA0004	1532	GAAGAAGAAGGTCAACAGCA	GGG	NC_002516.2	5806	5825	True	False	39
PA0004	1533	GGAAGAAGAAGGTCAACAGC	AGG	NC_002516.2	5807	5826	True	False	39
PA0004	1544	GGGCATCTGGCGGAAGAAGA	AGG	NC_002516.2	5818	5837	True	False	39
PA0004	1554	CGATCAGCTCGGGCATCTGG	CGG	NC_002516.2	5828	5847	True	False	39
PA0004	1557	GCTCGATCAGCTCGGGCATC	TGG	NC_002516.2	5831	5850	True	False	39
PA0004	1564	TAGCCACGCTCGATCAGCTC	GGG	NC_002516.2	5838	5857	True	False	39
PA0004	1565	GTAGCCACGCTCGATCAGCT	CGG	NC_002516.2	5839	5858	True	False	39
PA0004	1593	CGCCCAGCCCCCGTTGTACA	AGG	NC_002516.2	5867	5886	False	True	39
PA0004	1598	GACCTTGTACAACGGGGGCT	GGG	NC_002516.2	5872	5891	True	False	39
PA0004	1599	TGACCTTGTACAACGGGGGC	TGG	NC_002516.2	5873	5892	True	False	39
PA0004	1603	CGCTTGACCTTGTACAACGG	GGG	NC_002516.2	5877	5896	True	False	39
PA0004	1603	CCGTTGTACAAGGTCAAGCG	CGG	NC_002516.2	5877	5896	False	True	39
PA0004	1626	CAAGCAGGAGCAGTACATCA	AGG	NC_002516.2	5900	5919	False	True	39
PA0004	1635	GCAGTACATCAAGGACGACC	AGG	NC_002516.2	5909	5928	False	True	39
PA0004	1641	CATCAAGGACGACCAGGCCA	TGG	NC_002516.2	5915	5934	False	True	39
PA0004	1656	TCATGTACTCTTCCATGGCC	TGG	NC_002516.2	5930	5949	True	False	39
PA0004	1661	CTGGGTCATGTACTCTTCCA	TGG	NC_002516.2	5935	5954	True	False	39
PA0004	1662	GGAAGAGTACATGACCCAGT	CGG	NC_002516.2	5936	5955	False	True	39
PA0004	1668	GTACATGACCCAGTCGGCCC	TGG	NC_002516.2	5942	5961	False	True	39
PA0004	1679	GGCGTCTTCCAGGGCCGACT	GGG	NC_002516.2	5953	5972	True	False	39
PA0004	1680	TGGCGTCTTCCAGGGCCGAC	TGG	NC_002516.2	5954	5973	True	False	39
PA0004	1689	CGTGCAGGCTGGCGTCTTCC	AGG	NC_002516.2	5963	5982	True	False	39
PA0004	1700	GTGCTCGTTGACGTGCAGGC	TGG	NC_002516.2	5974	5993	True	False	39
PA0004	1704	GAGCGTGCTCGTTGACGTGC	AGG	NC_002516.2	5978	5997	True	False	39
PA0004	1704	GCACGTCAACGAGCACGCTC	CGG	NC_002516.2	5978	5997	False	True	39
PA0004	1705	CACGTCAACGAGCACGCTCC	GGG	NC_002516.2	5979	5998	False	True	39
PA0004	1714	GAGCACGCTCCGGGCCTGTC	CGG	NC_002516.2	5988	6007	False	True	39
PA0004	1715	AGCACGCTCCGGGCCTGTCC	GGG	NC_002516.2	5989	6008	False	True	39
PA0004	1716	GCACGCTCCGGGCCTGTCCG	GGG	NC_002516.2	5990	6009	False	True	39
PA0004	1750	AAACTGGTCAACGAGTATCG	CGG	NC_002516.2	6024	6043	False	True	39
PA0004	1751	AACTGGTCAACGAGTATCGC	GGG	NC_002516.2	6025	6044	False	True	39
PA0004	1752	ACTGGTCAACGAGTATCGCG	GGG	NC_002516.2	6026	6045	False	True	39
PA0004	1784	GCGCGACAGGCGCTTGAGGG	TGG	NC_002516.2	6058	6077	True	False	39
PA0004	1787	CAGGCGCGACAGGCGCTTGA	GGG	NC_002516.2	6061	6080	True	False	39
PA0004	1788	ACAGGCGCGACAGGCGCTTG	AGG	NC_002516.2	6062	6081	True	False	39
PA0004	1794	CCTGTCGCGCCTGTACCCCC	AGG	NC_002516.2	6068	6087	False	True	39
PA0004	1797	CCTGGGGGTACAGGCGCGAC	AGG	NC_002516.2	6071	6090	True	False	39
PA0004	1806	CGGTCAGCTCCTGGGGGTAC	AGG	NC_002516.2	6080	6099	True	False	39
PA0004	1812	AGTGCTCGGTCAGCTCCTGG	GGG	NC_002516.2	6086	6105	True	False	39
PA0004	1813	AAGTGCTCGGTCAGCTCCTG	GGG	NC_002516.2	6087	6106	True	False	39
PA0004	1814	GAAGTGCTCGGTCAGCTCCT	GGG	NC_002516.2	6088	6107	True	False	39
PA0004	1826	AGGCAGGTAGATGAAGTGCT	CGG	NC_002516.2	6100	6119	True	False	39
PA0004	1833	CATCTACCTGCCTACCGTGT	CGG	NC_002516.2	6107	6126	False	True	39
PA0004	1836	CTACCTGCCTACCGTGTCGG	TGG	NC_002516.2	6110	6129	False	True	39
PA0004	1842	CGTCCACCGACACGGTAGGC	AGG	NC_002516.2	6116	6135	True	False	39
PA0004	1845	TACCGTGTCGGTGGACGACC	TGG	NC_002516.2	6119	6138	False	True	39
PA0004	1846	AGGTCGTCCACCGACACGGT	AGG	NC_002516.2	6120	6139	True	False	39
PA0004	1850	AGCCAGGTCGTCCACCGACA	CGG	NC_002516.2	6124	6143	True	False	39
PA0004	1857	GGACGACCTGGCTAACGAGT	CGG	NC_002516.2	6131	6150	False	True	39
PA0004	1866	GCATGGCCGACTCGTTAGCC	AGG	NC_002516.2	6140	6159	True	False	39
PA0004	1866	GGCTAACGAGTCGGCCATGC	AGG	NC_002516.2	6140	6159	False	True	39
PA0004	1867	GCTAACGAGTCGGCCATGCA	GGG	NC_002516.2	6141	6160	False	True	39
PA0004	1871	ACGAGTCGGCCATGCAGGGC	TGG	NC_002516.2	6145	6164	False	True	39
PA0004	1875	GTCGGCCATGCAGGGCTGGT	TGG	NC_002516.2	6149	6168	False	True	39
PA0004	1883	CTTCTCCAACCAGCCCTGCA	TGG	NC_002516.2	6157	6176	True	False	39
PA0004	1887	GGGCTGGTTGGAGAAGTTCC	AGG	NC_002516.2	6161	6180	False	True	39
PA0004	1915	CTGACCGCCGCCGAGAAGTC	CGG	NC_002516.2	6189	6208	False	True	39
PA0004	1941	GCAGGCTGGCCTTGTAGGTC	AGG	NC_002516.2	6215	6234	True	False	39
PA0004	1946	TTCGCGCAGGCTGGCCTTGT	AGG	NC_002516.2	6220	6239	True	False	39
PA0004	1959	GGCGCTCGCGGTCTTCGCGC	AGG	NC_002516.2	6233	6252	True	False	39
PA0004	1964	AAGACCGCGAGCGCCACCTG	TGG	NC_002516.2	6238	6257	False	True	39
PA0004	1971	GCAGCCACAGGTGGCGCTCG	CGG	NC_002516.2	6245	6264	True	False	39
PA0004	1974	GCGCCACCTGTGGCTGCCCG	AGG	NC_002516.2	6248	6267	False	True	39
PA0004	1980	CCACCTCGGGCAGCCACAGG	TGG	NC_002516.2	6254	6273	True	False	39
PA0004	1983	GTGGCTGCCCGAGGTGGAAC	TGG	NC_002516.2	6257	6276	False	True	39
PA0004	1983	GTTCCACCTCGGGCAGCCAC	AGG	NC_002516.2	6257	6276	True	False	39
PA0004	1986	GCTGCCCGAGGTGGAACTGG	TGG	NC_002516.2	6260	6279	False	True	39
PA0004	1993	GAGGTGGAACTGGTGGCCCA	CGG	NC_002516.2	6267	6286	False	True	39
PA0004	1993	TGGGCCACCAGTTCCACCTC	GGG	NC_002516.2	6267	6286	True	False	39
PA0004	1994	GTGGGCCACCAGTTCCACCT	CGG	NC_002516.2	6268	6287	True	False	39
PA0004	2012	GACGTAGCTGGACAGGCCGT	GGG	NC_002516.2	6286	6305	True	False	39
PA0004	2013	TGACGTAGCTGGACAGGCCG	TGG	NC_002516.2	6287	6306	True	False	39
PA0004	2019	TGAAGGTGACGTAGCTGGAC	AGG	NC_002516.2	6293	6312	True	False	39
PA0004	2024	ACGGTTGAAGGTGACGTAGC	TGG	NC_002516.2	6298	6317	True	False	39
PA0004	2036	GGCGAAGAAGTCACGGTTGA	AGG	NC_002516.2	6310	6329	True	False	39
PA0004	2043	CATTGCTGGCGAAGAAGTCA	CGG	NC_002516.2	6317	6336	True	False	39
PA0004	2052	CGCCAGCAATGACTACCGCT	CGG	NC_002516.2	6326	6345	False	True	39
PA0004	2057	CACCGAGCGGTAGTCATTGC	TGG	NC_002516.2	6331	6350	True	False	39
PA0004	2065	TACCGCTCGGTGTCGCTGCT	CGG	NC_002516.2	6339	6358	False	True	39
PA0004	2070	CGCCGAGCAGCGACACCGAG	CGG	NC_002516.2	6344	6363	True	False	39
PA0004	2088	CGACCAGCTGAACAGCCTGC	TGG	NC_002516.2	6362	6381	False	True	39
PA0004	2094	CTTCCAGCAGGCTGTTCAGC	TGG	NC_002516.2	6368	6387	True	False	39
PA0004	2095	CTGAACAGCCTGCTGGAAGA	CGG	NC_002516.2	6369	6388	False	True	39
PA0004	2106	CGTAGGCGCCGTCTTCCAGC	AGG	NC_002516.2	6380	6399	True	False	39
PA0004	2112	AGACGGCGCCTACGTGCAGA	AGG	NC_002516.2	6386	6405	False	True	39
PA0004	2113	GACGGCGCCTACGTGCAGAA	GGG	NC_002516.2	6387	6406	False	True	39
PA0004	2123	GCGCTCACCCTTCTGCACGT	AGG	NC_002516.2	6397	6416	True	False	39
PA0004	2145	GCGCCCGATCAGCGCCTTCA	AGG	NC_002516.2	6419	6438	False	True	39
PA0004	2149	CCGATCAGCGCCTTCAAGGA	CGG	NC_002516.2	6423	6442	False	True	39
PA0004	2151	CGTCCTTGAAGGCGCTGATC	GGG	NC_002516.2	6425	6444	True	False	39
PA0004	2152	CCGTCCTTGAAGGCGCTGAT	CGG	NC_002516.2	6426	6445	True	False	39
PA0004	2154	CAGCGCCTTCAAGGACGGCC	TGG	NC_002516.2	6428	6447	False	True	39
PA0004	2159	CCTTCAAGGACGGCCTGGAC	TGG	NC_002516.2	6433	6452	False	True	39
PA0004	2162	CCAGTCCAGGCCGTCCTTGA	AGG	NC_002516.2	6436	6455	True	False	39
PA0004	2166	GGACGGCCTGGACTGGCTGA	TGG	NC_002516.2	6440	6459	False	True	39
